Sample Size,Standard Deviation,95% Confidence Interval,Lower C.I. Value,Upper C.I. Value
100,86.9263380946503,17.03756226655146,224.80043773344858,258.87556226655147
